records,depth,runs,rpc_median_us,rpc_median_us_min,rpc_median_us_max,service_median_us,service_median_us_min,service_median_us_max,verifier_median_us,verifier_median_us_min,verifier_median_us_max,rpc_p95_us,rpc_p95_us_min,rpc_p95_us_max,logical_json_bytes,allocated_sqlite_bytes
100,1,3,343.947,343.175,462.981,49.458,45.437,62.388,10.797,8.446,17.468,920.711,784.156,1844.754,29689,160496
100,4,3,534.036,473.577,715.245,104.999,104.551,105.402,41.694,22.961,48.327,2415.648,941.563,2862.638,29872,160496
100,16,3,762.426,551.138,887.621,242.436,241.451,274.298,90.746,71.45,142.612,1432.944,1127.201,2573.932,30604,164616
100,64,3,2033.067,1846.149,2553.952,1004.7,954.713,1501.263,299.706,296.503,300.625,5446.061,5360.326,7465.912,33532,164616
1000,1,3,432.146,268.619,459.807,50.193,41.843,61.753,9.026,8.311,18.072,954.692,607.919,1324.364,297889,1054536
1000,4,3,382.833,372.594,475.291,90.324,89.418,93.878,24.242,23.275,25.929,1427.023,878.506,1510.47,298072,1054536
1000,16,3,747.339,615.135,758.248,262.612,248.603,281.865,92.714,72.978,92.781,1330.278,1318.628,1672.46,298804,1050416
1000,64,3,1501.736,1421.619,1526.736,965.53,947.399,1013.396,306.619,291.818,308.321,2994.156,2895.964,3033.759,301732,1071016
5000,1,3,307.604,291.532,462.705,47.004,45.005,64.159,9.223,8.107,18.185,839.334,678.889,957.783,1493889,7358584
5000,4,3,712.102,550.066,1250.833,103.847,96.23,120.632,46.825,45.548,47.621,2730.293,2197.798,3437.41,1494072,7395592
5000,16,3,746.727,648.904,816.366,269.853,265.559,297.415,87.328,73.087,92.764,2228.354,1760.72,2777.337,1494804,7407880
5000,64,3,2151.713,1797.731,3026.912,1110.559,1056.915,1184.559,329.716,308.977,367.502,4969.906,3630.933,6536.87,1497732,7403712
10000,1,3,462.209,377.082,539.744,54.42,51.726,58.819,11.609,11.447,13.731,1556.336,1357.216,2879.351,2988889,11451240
10000,4,3,583.736,499.003,684.127,106.066,104.877,107.187,28.359,23.127,30.978,1848.825,1726.933,2405.493,2989072,11480248
10000,16,3,1008.376,706.346,1097.418,293.497,273.674,297.872,84.622,75.743,93.531,2916.819,2868.174,3230.212,2989804,11484392
10000,64,3,2343.479,1757.668,3935.928,1418.901,1089.567,2300.398,323.87,310.162,361.597,4564.101,4089.778,7646.18,2992732,11449368
