query,rpc_ns,service_ns,verifier_ns
0,966662,316698,84919
1,3139681,275931,85462
2,857428,249816,86949
3,1098593,435659,81778
4,729481,257126,199938
5,1355472,749136,85097
6,1234302,301727,86231
7,736512,261423,81791
8,2512111,249209,138269
9,1069891,321970,83861
10,754240,315197,1012470
11,2963970,318267,107806
12,742933,263029,2058847
13,1744136,667561,86225
14,695634,282279,84510
15,2368638,1108294,90884
16,1524139,270314,246534
17,1850857,759075,106278
18,2579016,255873,2035318
19,1239164,628018,112017
20,1011703,406554,726976
21,1325990,253655,86198
22,1287831,401229,83674
23,1446559,260935,90068
24,2382278,292207,84511
25,913806,294964,86076
26,990191,391101,87315
27,1158907,329946,85560
28,649632,259811,82200
29,1877282,306704,87870
30,758844,271767,913379
31,2635375,300812,88970
32,751483,260123,1402283
33,1036028,505575,2323991
34,839990,299984,1406329
35,808438,263941,81723
36,745097,247997,113447
37,778936,287836,1468482
38,956633,312826,87808
39,3010315,355227,88717
40,790270,303771,2780491
41,1111793,481231,1546923
42,1468081,318922,1806952
43,1001888,481965,94055
44,1814420,270240,88951
45,1645885,921377,125465
46,729518,259931,701344
47,1052311,308845,321151
48,853805,305744,2509343
49,753791,274917,3988702
50,845248,272907,1502980
51,2781197,267706,87572
52,864231,274539,1323334
53,761817,294851,93223
54,2157103,266968,600373
55,1125199,269162,82707
56,3698340,252847,2565986
57,864878,408792,81847
58,2293052,276021,115547
59,810994,296314,76033
60,651708,268989,72485
61,787054,255574,83149
62,598950,262736,80278
63,2846283,392953,86279
64,2593247,895252,87126
65,817198,270128,76025
66,619631,249222,82062
67,596525,267891,86054
68,981954,260834,89718
69,851479,247095,84660
70,818221,342863,88008
71,762267,257312,84047
72,1985463,362006,100017
73,3713150,353525,87534
74,829573,388110,1036594
75,1244999,273218,86199
76,1519496,278572,112821
77,1360204,648537,114681
78,3712641,327756,88447
79,2495376,318757,89126
80,1931687,472150,94827
81,687658,245926,860339
82,1916557,378914,86835
83,838469,260674,3524624
84,786215,278823,2696904
85,986062,373698,2373233
86,2200808,283466,88217
87,957770,304631,84761
88,1125868,281514,85235
89,832886,373252,83166
90,662696,274255,559696
91,679779,279793,79573
92,2851039,240443,275622
93,759616,275145,110956
94,850109,296071,85815
95,2112205,279669,84198
96,869928,266998,193174
97,1947266,326247,1210344
98,776054,299420,83165
99,1367523,282333,87703
100,859151,346162,84220
101,1076101,271206,112447
102,973001,467131,90627
103,1171344,659626,83538
104,885287,359800,945056
105,1081851,286287,1342230
106,896176,267180,82855
107,796513,251139,2179829
108,924751,260899,1216875
109,855248,266082,1110087
110,892282,268727,964477
111,1012300,278399,519262
112,2250172,319496,1547962
113,853032,384145,85520
114,990448,297043,111882
115,1415979,563428,87083
116,791840,303175,691473
117,783544,377449,1445372
118,768816,259821,115026
119,1008376,276287,83866
120,4197651,257913,87695
121,713995,274233,131349
122,626589,251829,85415
123,652555,317391,675013
124,1327233,352112,96135
125,2378464,332109,90907
126,1716002,495708,87519
127,2355532,664351,106152
128,3488142,316066,101580
129,1438890,275680,88252
130,1012999,281626,87321
131,831206,312457,878133
132,1082181,513268,83723
133,3206642,937970,92082
134,1225762,319183,304369
135,2709075,268331,178999
136,1049404,433869,82861
137,2148019,1284787,87386
138,765896,261225,3545467
139,2823090,540361,90071
140,803745,335752,864127
141,3230212,271293,86613
142,2960489,278472,89344
143,821833,308402,1636474
144,746012,317457,82337
145,821477,256233,2454702
146,1218016,322660,88700
147,694959,291340,82452
148,1012228,477311,93531
149,4648146,271799,86520
150,967300,260585,1272093
151,790768,295808,857876
152,760647,260231,2644871
153,3268292,689334,89023
154,2498625,269599,85190
155,714759,271688,1893180
156,914928,376979,90947
157,843148,268624,1574865
158,1691561,257854,137329
159,1094383,278223,84516
160,4975704,262559,91860
161,1591091,683108,655853
162,753690,262846,900485
163,866131,260135,335390
164,731133,291097,2426050
165,1775537,1203294,898598
166,821419,275670,291041
167,2303831,270272,85503
168,1599521,277396,93487
169,1211268,272905,86478
170,927267,263616,1600311
171,3869222,543429,87466
172,934815,463040,99545
173,975558,290571,1540074
174,960076,289724,1934202
175,850650,268806,2214199
176,1942841,267698,90372
177,1595258,444941,84519
178,1141905,605170,798131
179,1001553,336336,999399
180,2637761,764222,1135849
181,793534,297578,1302688
182,2171852,307715,91029
183,840342,384028,84442
184,742172,249441,1147425
185,962688,259259,86983
186,873016,264644,84083
187,1001526,370434,110713
188,3883820,470462,118801
189,980389,547404,96149
190,834742,300143,1462696
191,1018791,293497,116182
192,990127,358260,85229
193,739439,249182,1286723
194,1338188,325141,89725
195,1053685,511488,83570
196,1047617,253243,114745
197,2284615,467489,815474
198,1463087,308209,86720
199,3142723,283681,118548
